Ho Hey,83451,38912
Radioactive,98099,38309
Thrift Shop - feat. Wanz,71796,34960
Little Talks,61597,32618
Locked Out of Heaven,64727,30752
Diamonds,63941,28871
I Will Wait,51127,27735
Midnight City,45056,25948
It's Time,54326,25151
Somebody That I Used to Know,41504,23045
Harlem Shake,47641,23231
Scream & Shout,42323,22476
My Number,48086,22386
Born to Die,44100,21924
Sweet Nothing,42202,22159
Some Nights,37670,21419
Breezeblocks,47905,21829
Pumped Up Kicks,36830,20716
Intro,42818,20951
Lonely Boy,38712,21032
Video Games,39574,20751
Don't You Worry Child (Radio Edit) [feat. John Martin],38276,20834
Blue Jeans,40697,20028
Sail,39803,19502
When I Was Your Man,45666,19740
Angels,35241,19317
The Stars (Are Out Tonight),42285,19146
Die Young,36718,18952
Can't Hold Us (feat. Ray Dalton),43654,18954
Crystalised,32725,18519
Lights,38943,18122
Rolling in the Deep,30339,17860
Call Me Maybe,32846,16908
Paradise,31499,17864
Little Lion Man,30902,17406
Summertime Sadness,36596,17839
We Are Young (feat. Janelle Monáe),29047,17163
The Cave,28446,16377
Madness,31931,17185
We Are Never Ever Getting Back Together,33896,17060
One More Night,32775,16682
Tessellate,34248,16961
Take A Walk,27274,16030
Smells Like Teen Spirit,25775,16327
Skinny Love,27585,16118
Inhaler,32444,16656
Islands,28425,16239
Thinkin Bout You,30847,15721
Demons,38804,16518
The A Team,31410,15397
Mirrors,46928,16355
Stubborn Love,30339,15567
Shake It Out,27367,15917
Default,36407,16173
Hall of Fame,31543,15909
강남스타일,28740,15777
Dog Days Are Over,26388,15304
National Anthem,32264,15673
Something Good,31324,15804
Mr. Brightside,25954,15020
Wonderwall,25162,14493
Where Are We Now?,30903,15343
Kids,23422,14409
Try,31887,15119
Pompeii,48124,15135
Nightcall,27842,14872
Feels Like We Only Go Backwards,27677,14968
Let Her Go,35961,14814
Open,34330,14755
What You Know,26121,13941
Young Blood,23855,14083
Tighten Up,22340,14103
The Fall,33911,14498
Titanium (feat. Sia),25130,13694
Judge Jury and Executioner,30214,14458
Suit & Tie,26472,14415
The Scientist,24028,14050
Come as You Are,22239,13778
Creep,22735,14355
Dissolve Me,27180,14243
Mountain Sound,25902,13808
Dark Paradise,29605,14051
On Top of the World,30540,14192
Someone Like You,23564,13641
Karma Police,22230,13909
Set Fire to the Rain,23863,13666
Anything Could Happen,28903,14029
Too Close,25213,13744
Babel,23738,13787
Oblivion,25681,13943
Off to the Races,27095,13736
Ride,30958,13814
VCR,23188,13627
Matilda,26293,13584
Chained,23596,13481
Ingenue,37675,13207
Kiss You,32114,13105
Fitzpleasure,25206,13117
Seven Nation Army,19839,12291
Time to Pretend,19060,12379
Retrograde,32562,13057
Home,20306,11874
Diet Mountain Dew,24273,12832
Entertainment,27952,12991
Dirty Paws,21816,12273
Viva la Vida,20731,12462
Bad Habit,24242,12765
Gold on the Ceiling,21386,12509
Californication,19249,12337
We Found Love (feat. Calvin Harris),23125,12127
Song 2,18331,11949
Same Love (feat. Mary Lambert),25053,12714
Something Good Can Work,21058,11841
Electric Feel,18824,11955
Sex On Fire,20304,11750
Heart Skipped a Beat,21001,12240
Fluorescent Adolescent,22469,12520
Before Your Very Eyes...,30394,12460
The Next Day,25582,12452
Feel Good Inc.,19701,11839
Radio,24026,12190
Fix You,20832,12075
Sweet Disposition,19166,11592
King And Lionheart,21693,11693
Genesis,24505,12169
Taro,24677,12102
I Could Be The One [Avicii vs Nicky Romero] - Nicktim - Radio Edit,22920,12048
Sunset,22307,12036
Holocene,19250,11469
Flowers in Your Hair,20211,11133
I Bet You Look Good on the Dancefloor,18818,11405
Somebody Told Me,19324,11227
There Is a Light That Never Goes Out,19795,11563
Late Night,23103,11830
1901,18319,11300
Chop Suey!,18752,10865
Take Me Out,17394,10962
Fiction,21178,11726
Yellow,18685,11423
No Surprises,18205,11422
Teardrop,18048,11102
Elephant,20491,11570
Everytime,21667,11624
Dropped,27806,11595
Houdini,19562,11020
In the End,21523,11108
Where Is My Mind?,18725,11269
Lisztomania,17446,11128
Uprising,17819,11219
We No Who U R,21608,11522
Supermassive Black Hole,18103,11192
Dirty Boys,22739,11472
Whispers in the Dark,19313,11237
Feel So Close,19237,11201
Lover of the Light,19644,11207
Helena Beat,18180,10746
Prelude,19428,11374
Use Somebody,18505,10614
Last Nite,16936,10648
Sacrilege,22847,11264
Lithium,16435,10618
My Songs Know What You Did In The Dark (Light Em Up),31686,11078
Love Is Lost,23331,11072
Clocks,16721,10786
Paranoid Android,15935,10794
Intro,21068,11006
Everlong,16868,10315
Starlight,17468,10692
Unless,25806,10967
Shadow Moses,45346,10841
Poetic Justice,18959,10772
You've Got the Love,17754,10341
"Harder, Better, Faster, Stronger",16775,10370
Shelter,17828,10475
Everlasting Light,16193,10313
I Knew You Were Trouble,35859,10692
Skyfall,27402,10703
Under the Bridge,16305,10103
Closer,25644,10669
Scar Tissue,15984,10244
Numb,20044,10145
Never Let Me Go,19528,10422
Mute,19796,10587
Carry On,18857,10557
"No Light, No Light",18917,10397
Stuck Together Pieces,24382,10570
Float On,15578,10092
This Is What Makes Us Girls,19554,10424
I Cry,19410,10447
A-Punk,14840,9667
Such Great Heights,15559,10022
One Day / Reckoning Song (Wankelmut Remix) - Radio Edit,17940,10497
Through Mind and Back,17204,10482
Carmen,19223,10349
I Love It - feat. Charli XCX,20474,10449
The Pretender,15784,9760
I Will Follow You Into The Dark,16152,9836
Myth,16280,10111
Out of The Woods,19271,10382
Otherside,15962,10002
Payphone,19197,9934
Reptilia,15643,9764
Heart Attack,88380,10356
Wish You Were Here,18515,9928
Daylight,21855,10217
Valentine’s Day,22025,10305
Holland Road,17143,10080
Sleepyhead,16000,9480
Milk & Black Spiders,19389,10231
Undercover Martyn,16442,9386
Lost,18830,9900
Jubilee Street,19603,10136
Sweet Child o' Mine,15038,9517
Primadonna,20575,9711
Mind Mischief,17525,10021
Stairway to Heaven,16510,9498
One Way Or Another (Teenage Kicks),35752,9983
Someday,15043,9341
Reverse Running,22985,9978
Hold On,16249,9516
Cosmic Love,17377,9560
Bohemian Rhapsody,15205,9640
Basic Space,16354,9428
Starships,17006,8609
If You Can See Me,19580,9873
Mardy Bum,15766,9319
Troublemaker,20326,9779
Last Dance,20941,9802
Where Have You Been,17084,9044
Ms,17841,9791
White Blank Page,16159,9046
Infinity,16275,9449
3 Days,20483,9715
F**kin' Problems,18220,9655
ProtoVision,18351,9687
When You Were Young,15403,9113
The Funeral,15708,9291
When the Sun Goes Down,15138,9251
Amok,23256,9656
Without You,18695,9561
Girl on Fire,19954,9643
Swimming Pools (Drank),17488,9168
One More Time,14123,9385
She Wolf (Falling to Pieces) [feat. Sia],17833,9352
C'Mon,22871,9557
Disparate Youth,15426,9624
212 (feat. Lazy Jay),19976,9092
Skinny Love,18300,9463
Ghosts That We Knew,16202,9364
Goldie,17939,8293
Killing in the Name,13422,8944
Levels,15095,8595
Punching in a Dream,14860,9202
Niggas in Paris,14897,9524
Million Dollar Man,17740,9421
I’d Rather Be High,18792,9513
Thrift Shop (feat. Wanz),31271,9497
Drinking from the Bottle,16488,9461
This Charming Man,15296,9163
Wide Lovely Eyes,16909,9457
Every Teardrop Is a Waterfall,14961,9186
Winter Winds,14883,8698
Try,15668,9446
Reunion,15958,9428
Chasing Cars,15511,8808
Home,16455,8970
What the Water Gave Me,15545,9205
Hurt,14979,8881
Night Time,15950,9117
Clint Eastwood,13980,8993
Whistle,15257,8745
Panic Station,17951,9349
Give Me Love,20435,9346
Love Will Tear Us Apart,15708,8790
Classy Girls,15461,8651
Losing My Religion,14306,8894
Apocalypse Dreams,15057,9230
Providence,16892,9287
Boss Of Me,18123,9278
Pyramids,15950,9005
Attic Doctor,16281,9269
Enter Sandman,13911,9103
Verse,19100,9222
Bloodflood,17371,9220
Stars,15090,8903
Sleepwalking,54425,9179
Just Give Me a Reason,23589,9139
Time Is Running Out,14856,8886
Burn It Down,17868,8845
Paranoid,12792,8358
Howlin' for You,14144,9028
Dancing Out In Space,17811,9046
Heads Will Roll,14162,8661
Rumour Has It,13840,8570
Nothing Else Matters,14248,8810
Supremacy,16320,9007
White Noise (feat. AlunaGeorge),18573,8993
I Follow Rivers,16523,8651
Naïve,14750,8474
No One Knows,12544,8318
Love Love Love,15404,8482
Cola,19360,8871
Stay (feat. Mikky Ekko),38213,8885
Can't Stop,13512,8540
Iris,14077,7924
Dropla,18014,8864
Fantasy,15037,8637
Call It What You Want,14356,8713
Heart-Shaped Box,12945,8473
Missing,15128,8824
In Bloom,12835,8431
Slow It Down,15864,8212
Blizzard,15239,8811
Little Things,20021,8749
High and Dry,12884,8524
The Sound of Silence,14022,8338
Perth,13526,8327
Hysteria,13797,8465
Don't Stop Me Now,13380,8426
Shed Some Blood,17715,8755
By the Way,13069,8386
Best of You,12895,8276
Water's Edge,15471,8723
Towers,13434,8254
Tiptoe,18134,8490
Fake Plastic Trees,13254,8479
Go Your Own Way,12679,8396
American,18938,8693
Keep Your Head Up,15438,8454
The Suburbs,13317,8423
You Only Live Once,13297,8256
Submarines,14034,8036
Toxicity,13221,8128
Can You Feel My Heart,49746,8680
Heavy Feet,15043,8672
Flaws,22414,8507
New Slang,13075,8295
Walking on a Dream,13415,8269
All the Small Things,13223,8183
Flume,13100,7980
Princess of China,14103,8228
The Bath,15117,8599
Comfortably Numb,14602,8268
The wake-up,15060,8582
Two Weeks,12656,8206
Bangarang - feat. Sirah,13141,8556
Only If for a Night,14429,8383
Lovers' Eyes,14102,8362
Everything in Its Right Place,12067,8328
Little Black Submarines,15985,8520
Dani California,12785,8104
Time,14013,8271
How Does The Grass Grow?,16964,8524
All These Things That I've Done,13052,7952
Spectrum,14580,8353
Bad Blood,22592,8363
Friday I'm in Love,12617,8155
Backseat Freestyle,15235,8388
Sigh No More,13639,7836
Zombie,13369,7943
Hunger,16568,8451
Hopeless Wanderer,14301,8261
Heartbeats,13017,8128
Earth Blues,12217,8405
Closer,14095,7910
Scary Monsters and Nice Sprites,12928,6865
Figure 8,19493,8364
Mermaids,15492,8385
Ready to Start,12480,8150
Tongue Tied,12870,8345
Welcome to the Jungle,12206,7854
Charlie Brown,13578,8105
(You Will) Set The World On Fire,16819,8335
Tides,13833,8332
Keep it together,14532,8251
Rabbit Heart (Raise It Up),12940,7884
Money,12794,7985
Amsterdam,17323,8041
Paper Planes,12940,7886
Dead Sea,13639,7669
Only Love,14946,8076
Undisclosed Desires,14284,8061
Stepson,14530,8235
Everybody Talks,13180,7724
She Will Be Loved,13070,7441
Next Girl,11976,7761
Roll Away Your Stone,12932,7456
Miracle,26170,8153
Awake My Soul,12889,7590
Rape Me,12467,7841
Paradise City,11870,7719
Hoppípolla,12921,7868
Human,12907,7861
You Feel So Lonely You Could Die,16121,8127
Endors Toi,13064,8073
R U Mine?,18039,8112
I Miss You,12899,7652
Boys Don't Cry,11950,7815
Welcome Home,13356,7975
Kiss With a Fist,12830,7673
Beneath Your Beautiful,14848,8076
Sultans of Swing,12093,7485
Youth,18639,7599
Lucky Ones,14810,7943
Back in Black,12360,7474
Lolita,14950,7927
Don't Look Back in Anger,12791,7488
I Can Talk,12668,7438
Sun,14815,7846
Little Secrets,12042,7504
Pelican Man,14162,8024
Fineshrine,14319,7824
Beam Me Up (Kill Mode) (Radio Edit),15911,8016
Be Above It,12215,7955
Bring Me to Life,14409,7463
I'm Yours,12110,6892
From Finner,13303,7537
Gimme Shelter,11977,7636
Somewhere,12015,7968
Faint,13583,7563
Young Folks,11461,7705
Under Cover of Darkness,13091,7555
On Melancholy Hill,13031,7668
Broken Crown,13885,7792
Lose Yourself,12513,7339
Knights of Cydonia,12099,7633
Back to Black,12635,7532
Odd Look,14860,7909
No Freedom,17826,7882
Below My Feet,13755,7738
Ten Thousand Hours,14476,7859
Heartbeats,11960,7600
Runaways,14317,7722
Live While We're Young,17190,7720
Bones,34749,7764
Hungry Face,11517,7789
I Won't Give Up,15190,7754
Prélude,12297,7779
Greyhound,12418,7184
We Real Cool,14090,7767
Hear Me,16373,7425
Counting,16351,7752
Alive,11130,7272
Bleeding Out,17089,7561
Don't Panic,11496,7449
Lego House,16055,7746
Play by Play,16275,7744
Livin' On A Prayer,12591,7397
1979,11031,7313
Heat,14648,7714
Reminder,12604,7570
Moon,13618,7698
One Of Those Summer Days,14892,7696
Unfold,12385,7680
What Makes You Beautiful,14702,7039
Six Weeks,12748,7248
"Bitch, Don’t Kill My Vibe",12869,7623
The Kids Aren't Alright,11569,7161
Just Like Heaven,11746,7323
Trouble,11563,7377
Cough Syrup,12669,6848
I Gave You All,12294,6964
About a Girl,11371,7213
Daylight,11171,7017
Sympathy for the Devil,10463,7124
Wide Awake,12987,6740
Don't Stop (Color on the Walls),12159,7044
Paint It Black,11166,6798
With or Without You,11625,7217
How Soon Is Now?,12060,7293
Basket Case,10555,7066
Don't Stop Believin',10786,6821
A Real Hero (feat. Electric Youth),12733,7379
Beauty and a Beat,14218,7437
Sleep Alone,13080,7142
Brianstorm,12178,7182
Machu Picchu,11609,7177
Finishing Jubilee Street,13223,7504
Hear My Train A Comin',10876,7467
Somewhere Only We Know,12592,6926
Fortunate Son,10778,6973
Misery Business,12419,7096
How to Save a Life,12068,6564
Next Year,13401,7297
Yet Again,10986,7458
Digital Love,11413,7242
Blue Velvet,14636,7394
D.A.N.C.E.,11091,6849
Swept Away,12220,7433
Seven Devils,12921,7296
Kryptonite,11496,6318
Big Parade,12517,6942
Drive By,12551,6406
Highway to Hell,11433,6949
My Hero,10432,6933
Feel This Moment,14049,7384
Master of Puppets,10898,7232
Dreams,11033,7054
Teddy Picker,11986,7035
Learn to Fly,10448,6861
Higgs Boson Blues,13493,7379
The House Of Wolves,32674,7386
I Would Do Anything for You,12067,6816
Adorn,13900,6982
Polly,10870,6973
If I Ever Feel Better,11178,7096
Maps,10848,7001
Just the Way You Are,11989,6416
Old Pine,12162,7093
We'll Be Coming Back,12893,7210
Come Together,10733,7067
Major Minor Love,13970,7304
Billie Jean,10135,6895
Sweet Life,11815,6951
Ice age,13088,7264
The Great Gig in the Sky,11682,7058
Lotus Flower,11507,7091
Push the Sky Away,13859,7244
Overjoyed,18963,7056
In My Place,10840,7112
Survival,12342,7241
Carried Away,14066,6873
Reunion,10502,7085
Lonely Day,11972,6677
Breaking the Habit,12307,6853
People Help the People,14172,7206
Turning Tables,10897,6857
Bleeding Heart,10430,7138
Empire (Let Them Sing),32472,7192
Castle of Glass,17406,7183
White Winter Hymnal,10657,6660
Fake Tales of San Francisco,10987,6619
Rampage,12915,7176
Follow Me,12668,7172
Oxford Comma,9945,6563
"Go To Hell, For Heaven's Sake",32914,7145
And the sky began to scream,12767,7120
Somewhere I Belong,12024,6739
Drumming Song,11626,6832
Dream On,11239,6561
Light My Fire,10529,6705
All of the Lights,10277,6455
Idioteque,10662,6928
Our Song,11653,7076
First Day of My Life,10634,6721
Sleep Paralysis,12180,7053
Falling,15608,7044
Calgary,10689,6477
Like a Rolling Stone,9908,6804
Firework,11366,6332
Testarossa Autodrive,12747,7007
Paradise Circus,11493,6729
Enjoy the Silence,13182,6724
Only Girl (In the World),12654,6441
Here Comes the Sun,10226,6792
Limit to Your Love,10991,6908
Body Electric,13619,6996
Forrest Gump,13070,6851
November Rain,10450,6645
Let It Be,10502,6765
We Are the People,11149,6712
Black Hole Sun,9649,6094
Your Bones,11605,6605
Jaguar,10030,6957
Island in the Sun,9876,6593
Bloodbuzz Ohio,10490,6696
Rebellion (Lies),9636,6603
Slow and Steady,11585,6671
Even Flow,9781,6559
The Art of Peer Pressure,10930,6842
DARE,10129,6582
Glad You Came,15248,6393
Woman,12777,6905
Bitter Sweet Symphony,10993,6879
S&M,11335,6205
Fake Empire,10320,6721
Make The Money,12813,6894
The Unforgiven,10488,6708
Two Fingers,15559,6847
You & I,11875,6870
Music to Walk Home By,10776,6828
Dancing Shoes,10495,6517
Banquet,9725,6650
Waste,10903,6397
Breakers,11507,6837
Drunk,13474,6830
Black Chandelier,13941,6815
Let Down,10034,6632
Timshel,11065,6210
Another One Bites the Dust,10749,6399
And The Snakes Start To Sing,31899,6794
Smile Like You Mean It,10463,6308
Not With Haste,11090,6693
Welcome oblivion,12385,6769
Spectrum (Say My Name) (Calvin Harris Remix),10951,6769
For Emma,10321,6345
Breathe Me,11259,6364
Default,11043,6751
Started From the Bottom - Explicit Version,13838,6753
Ace of Spades,10187,6052
Explosions,14126,6736
Stronger,10143,6129
All The Time,12066,6739
What I've Done,11536,6362
Crying Lightning,11479,6575
"Minnesota, WI",9988,6268
Anti-vist,28597,6720
Kiara,10067,6528
What's My Age Again?,10331,6270
London Calling,9330,6480
Baba O'Riley,9239,6174
You Know I'm No Good,10475,6352
Howl,11072,6388
Lightning Bolt,12783,6617
Third Dystopia,11697,6668
Disorder,11463,6399
Exit Music (for a Film),10058,6439
Why Won't They Talk to Me?,10701,6626
Here Comes Your Man,9433,6481
Resistance,10904,6642
Swimming Pools (Drank) (extended version),11903,6616
Beautiful Day,9713,6361
After the Storm,11077,6175
Lazuli,10157,6635
Glory Box,10190,6253
Rehab,9825,6247
Soul Meets Body,9741,6388
Don't Save Me,13982,6578
Give Your Heart a Break,13559,6137
Walk,10618,6219
One Step Closer,10985,6248
Plague,12011,6549
Crawling,10815,6279
This Love,9908,5907
Untrust Us,10345,6408
Black,11256,6215
I Hate Everything About You,11843,5446
Immigrant Song,9620,6139
Are You Gonna Be My Girl,9559,6140
The Middle,9666,6016
My Body,10140,5956
Starry Eyed,11208,5925
Around the World,9465,6247
Sloom,10609,6149
Bad Romance,12409,6034
Savior,11118,6009
Don't You Remember,10074,6186
Euphoria,12684,6419
Dead and Gone,11227,6515
"""Heroes""",12141,6312
Sierra Leone,10022,6170
Charlie Boy,10540,6004
Us and Them,10117,6311
Teenage Dream,11291,5829
Michicant,9851,6061
Next to Me,12142,6110
Angel,10862,6168
Airbag,8858,6246
Aerodynamic,9656,6253
My Immortal,11308,6096
Shuffle,10030,6300
Yesterday,9862,6311
Suburbia,11610,6478
How long?,13316,6472
All I Need,11114,6378
Anna Sun,10979,5637
Grenade,10755,5819
Something About Us,10501,6233
Loser,8716,6045
Africa,9983,6055
Fertilizer,9855,6092
Lakehouse,10401,6091
"Dance, Dance",10557,6085
Impossible,17965,6365
Affection,11467,6411
Sweet Home Alabama,8810,5780
Wake Up,8831,6150
Hey You,10752,6204
Raspberry Cane,11847,6437
Love Me,12044,6420
Chasing Pavements,9891,6081
Feeling Good,9895,6230
Here Without You,10361,5455
Simple Song,9473,6410
Cigarettes in the Theatre,10106,5980
The Passenger,9257,6083
The Huts,9436,6401
Take On Me,9265,5949
Aerials,10188,6078
Keep On Lying,10535,6362
The View From the Afternoon,9990,6053
Flapper Girl,10496,5933
Bad Religion,11036,6142
Hurts Like Heaven,10054,6178
Fire,10240,5927
Lovesong,9963,6140
Trojans,12373,6340
Black Dog,9175,5999
Street Spirit (Fade Out),9872,6242
Now,22626,6337
Kiss Me,13955,6335
How to Be a Heartbreaker,15828,6320
Dumb,10109,5982
Love on Top,10993,5791
The Wolves,10372,6110
Born This Way,14528,5914
One,9425,6117
Whole Lotta Love,9179,5942
She Moves in Her Own Way,9591,6043
American Idiot,9116,6008
On the Wing,11180,6274
Reckoner,10534,6141
Mykonos,9360,5891
Lucky,9160,6122
All My Life,8717,5882
We Own the Sky,8910,6133
Papercut,10448,5969
Iron Man,8671,5779
Map of the Problematique,10408,6024
Lover to Lover,9698,6109
Cry Me a River,9705,5709
Speed of Sound,8751,6081
Your Body,14284,5889
Buddy Holly,8395,5790
Seen It All Before,26302,6232
The High Road,8980,5926
Sexy and I Know It,9615,5763
Wild,9430,6199
505,11780,6049
Interlude II,11737,6191
good kid,9747,6162
Go With the Flow,9112,5694
Cannons,10234,5915
Wake Me Up When September Ends,9222,5940
Plug In Baby,9774,5964
Drive,9102,5724
Don't Speak,9055,5702
Make You Feel My Love,9674,5933
Halo,10222,5738
Roads,9798,5842
Thistle & Weeds,9834,5655
More Than a Feeling,8575,5498
Lullaby,9320,5897
The Wilhelm Scream,9562,6031
Not in Love,10032,5985
Down The Road,11297,6057
In the Aeroplane Over the Sea,10410,5893
Eye of the Tiger,9107,5623
All Apologies,8714,5761
Helicopter,8717,5850
You Shook Me All Night Long,9212,5766
Losing You,11736,6065
Breaking Down,9584,5995
Jeremy,8829,5752
Something,8855,5957
Read My Mind,10411,5731
The Look,9514,5620
Things We Lost in the Fire,17507,6104
Lost in the Echo,13492,6097
Gods & Monsters,13459,6077
Crooked Young,24479,6087
We Will Rock You,8611,5659
Poker Face,11180,5647
Domino,10143,5125
Don't Wake Me Up,9730,5011
Ooh La,9262,5667
Ceilings,10536,6050
Brain Damage,9702,6042
Fade to Black,9438,5909
B.Y.O.B.,9273,5688
A Thousand Years,12610,6026
Izabella,8537,6008
Sad Eyes,11103,6016
Blood Bank,9333,5653
Asleep,12588,6021
First of the Year (Equinox),10362,6014
Breakeven,10295,5335
Spanish Sahara,10093,5883
Pound the Alarm,10480,5587
Pyro,9586,5670
Bel Air,11703,5985
Exile,15851,5996
Other People,9113,5994
Help!,9151,5797
40 Day Dream,8345,5379
Closer,8681,5672
Help I'm Alive,9397,5728
Pretty Fly (For a White Guy),8551,5503
Violet Hill,9475,5737
Yellow Light,9837,5713
Deadcruiser,9897,5965
San Francisco,10756,5950
Every Breath You Take,8915,5571
Better Together,8898,5505
Hospital For Souls,26932,5943
Beat It,8087,5551
Grand Canyon,10016,5915
Come Back Home,9474,5505
Yayo,11450,5900
"Hinnom, TX",9317,5535
Sweater Weather,14732,5763
No One's Gonna Love You,9031,5657
Colours,8377,4658
"Tonight, Tonight",8219,5629
(I Can't Get No) Satisfaction,8157,5420
Loud Pipes,9119,5751
Boulevard of Broken Dreams,9460,5531
Part of Me,9781,5177
Underdog,9032,5481
Circumambient,10140,5899
Hard to Explain,8841,5523
The Only Exception,9941,5706
Old Yellow Bricks,9754,5724
Lump Sum,8782,5586
Eclipse,9238,5663
Jigsaw Falling into Place,9412,5769
Kings and Queens,9586,5546
Is This It,8755,5520
Champagne Supernova,9250,5430
Sleeping Ute,8478,5855
On the Run,8776,5660
Good Life,9820,5426
How to Disappear Completely,9031,5761
Bad Girls,10237,5719
Just,8051,5708
Good Feeling,9698,5824
Porcelain,8809,5528
She's Lost Control,10230,5824
Daisyphobia,10009,5825
Ziggy Stardust,8551,5545
Personal Jesus,9317,5567
Fell in Love With a Girl,8990,5469
My Girls,8186,5602
Let's Go Surfing,8220,5373
One and Only,8751,5495
Kill Jester,8529,5798
She Just Won't Believe Me,8922,5754
Hurricane,16615,5601
It's My Life,9011,5518
Would?,8934,5188
Times Like These,8019,5393
The Fear,9726,5614
Seen It All,11743,5759
Crushcrushcrush,9726,5496
Pilot Jones,9108,5517
Heartlines,9036,5644
Bleed It Out,9293,5492
Close to Me,8131,5478
I Found You,9034,5489
A Certain Romance,8993,5464
The District Sleeps Alone Tonight,8831,5517
Rock and Roll,8295,5460
Jar Of Hearts,9422,4777
Let Me Move You,8125,5742
This Head I Hold,9606,5735
Be a Body (侘寂),10344,5740
Weekend Wars,8000,5405
I'm Not Calling You a Liar,8800,5478
Animals,9530,5725
Prayer of the Refugee,9473,5281
Only Tomorrow,9863,5724
"Too late, all gone",10762,5716
From the Ritz to the Rubble,9457,5438
Thnks fr th Mmrs,10026,5380
Bulletproof,8863,5503
Marry You,9417,5194
Animal,8443,5166
Last Friday Night (T.G.I.F.),8899,5288
I Was a Fool,13712,5709
Girls & Boys,7996,5418
Bigmouth Strikes Again,9048,5542
The House of the Rising Sun,7834,5214
Every Night,11121,5569
Heart of Gold,8141,5469
She Found Now,9372,5691
Wait,9279,5585
Dust Bowl Dance,9433,5247
Eleanor Rigby,7955,5487
Small Bump,10876,5670
You Give Love a Bad Name,8391,5402
Seaside,9006,5250
Animal,8414,5268
Dancing on My Own,9670,5425
All Along the Watchtower,8149,4946
Bad Moon Rising,7861,5185
New Born,8556,5511
To Build a Home,9494,5462
Sad But True,8304,5505
Run Right Back,9405,5629
Sixteen Saltines,8306,5627
Hallelujah,8432,5403
Baptism,9853,5483
Secrets,9933,5070
Bullet With Butterfly Wings,7821,5364
Starman,8327,5398
Crack Rock,9013,5498
Blindsided,8506,5354
The Only One,7961,5288
Hey Jude,8189,5439
For Whom the Bell Tolls,8658,5439
This Messiah Needs Watching,8512,5589
Love Interruption,8678,5582
"Goodbye, Goodbye",12828,5581
Sprawl II (Mountains Beyond Mountains),8019,5430
Get Free,9855,5571
People Are Strange,9249,5565
Wing$,10725,5570
Bubblegum Bitch,12274,5571
Super Bass,9332,4738
Wrath of God,9633,5533
Sandman,16598,5568
I Need a Dollar,8478,5363
Any Colour You Like,8699,5391
Fireflies,9308,5269
Wild Ones (feat. Sia),8510,4783
Club Foot,8697,5114
Wizard Motor,8755,5550
Too Afraid to Love You,8083,5249
5 Years Time,8144,5182
15 Step,8323,5421
Va Va Voom,11989,5495
Ruby,8031,5087
Roadgame,9817,5527
Obedear,9865,5340
Nude,8989,5491
Break on Through (to the Other Side),8520,5516
Long Live A$AP,10647,5488
Morning Song,9141,5168
Pour It Up,17265,5486
The One That Got Away,8898,4904
The Zephyr Song,8004,5181
First Blood,9583,5487
Round and Round,10969,5479
Run the World (Girls),9273,5111
Go Outside,7847,5204
Subterranean Homesick Alien,7743,5298
Modern Man,7500,5336
Lasso,7996,5187
Kerosene,9947,5422
Nothing That Has Happened So Far Has Been Anything We Could Control,8669,5438
Clarity,11982,5446
Feel It All Around,8586,5206
Sorrow,8498,5327
No You Girls,7996,5035
The Man Who Can't Be Moved,8669,4625
Sugar Man,12142,5412
Do Me A Favour,9518,5295
Candy,11167,5426
He Won't Go,7696,5155
Through Glass,8698,4609
Good Riddance (Time of Your Life),7705,5085
Hometown Glory,8909,5237
Polish Girl,8090,5196
Laura,9104,5309
Australia,7594,5202
Eight,8754,5418
Judas,11526,5119
Spaceman,8745,5182
Odessa,7847,5229
Not Just Money,8108,5123
TiK ToK,8156,4568
Kong,8006,5243
Red,13108,5395
Strings and attractors,10859,5391
Snow ((Hey Oh)),8145,5260
Self Esteem,7701,5025
If You Wanna,8517,4805
Closer to the Edge,9276,5062
Clown,11177,5261
Carry On Wayward Son,8445,4911
Monkey Wrench,7276,4957
Always Like This,7901,4966
Breed,7771,5254
Blind,18016,5367
Hotel California,7913,4486
Killer Queen,7711,5203
So Good at Being in Trouble,9725,5359
Nantes,8179,5212
Money Maker,8936,5352
Sister,9040,5349
The Reason,8502,4529
Say That,8844,5343
One,7713,5100
21 Guns,7985,5150
Love Lost,7838,5038
22,13303,5333
These Streets,14271,5333
Only Shallow,8203,5212
Shiver,8011,5137
Lovesong,8500,5118
Jenny Was a Friend of Mine,8478,4982
House of Cards,8119,5226
Eyes Wide Open,7828,5125
Your Hand in Mine,8405,5132
This Is the Life,8105,4899
Zero,7497,5130
Chelsea Dagger,7898,4893
"You're Gonna Go Far, Kid",9447,5278
Before I Forget,7975,4724
Easy Blues,7502,5297
